model_key,category,baseline_avg_det_score,retrieval_avg_det_score,delta_avg_det_score,baseline_det_pass_rate,retrieval_det_pass_rate,delta_det_pass_rate,baseline_gt_exact_rate,retrieval_gt_exact_rate,delta_gt_exact_rate,baseline_warm_latency_p50,retrieval_warm_latency_p50,delta_warm_latency_p50,reduction_pct_warm_latency_p50,baseline_avg_prompt_tokens,retrieval_avg_prompt_tokens,delta_avg_prompt_tokens,reduction_pct_avg_prompt_tokens,baseline_avg_total_tokens,retrieval_avg_total_tokens,delta_avg_total_tokens,baseline_peak_vram_gb_max,retrieval_peak_vram_gb_max,delta_peak_vram_gb_max,reduction_pct_peak_vram_gb_max,baseline_generation_error_rate,retrieval_generation_error_rate,delta_generation_error_rate,baseline_failure_rate,retrieval_failure_rate,delta_failure_rate,baseline_row_success_rate,retrieval_row_success_rate,delta_row_success_rate
qwen25_coder_14b,1,77.1585,90.0492,12.890699999999995,0.8,1.0,0.19999999999999996,0.0,0.0,0.0,17.6343,6.7609,-10.8734,61.6605138848721,31868.7,11419.4,-20449.300000000003,64.16734915449956,31919.6,11477.7,-20441.899999999998,37.0617,31.1208,-5.940900000000003,16.02975578562236,0.0,0.0,0.0,0.2,0.0,-0.2,0.8,1.0,0.19999999999999996
qwen25_coder_14b,2,92.2753,92.2753,0.0,1.0,1.0,0.0,0.0,0.0,0.0,4.4729,4.4788,0.005899999999999572,-0.13190547519505402,5704.7,5704.7,0.0,0.0,5761.2,5761.2,0.0,29.8918,29.8918,0.0,0.0,0.0,0.0,0.0,0.0,0.0,0.0,1.0,1.0,0.0
qwen25_coder_7b,1,62.7985,53.2233,-9.575199999999995,0.5,0.4,-0.09999999999999998,0.0,0.0,0.0,7.743,2.7761,-4.966900000000001,64.14697145809119,31868.7,11419.4,-20449.300000000003,64.16734915449956,31906.8,11452.9,-20453.9,20.1412,16.4341,-3.7071000000000005,18.405556769209383,0.0,0.0,0.0,0.5,0.6,0.09999999999999998,0.5,0.4,-0.09999999999999998
qwen25_coder_7b,2,91.4616,91.4616,0.0,1.0,1.0,0.0,0.0,0.0,0.0,2.2947,2.2866,-0.008100000000000218,0.3529873186037485,5704.7,5704.7,0.0,0.0,5762.1,5761.8,-0.3000000000001819,15.6699,15.6707,0.0007999999999999119,-0.00510532932564925,0.0,0.0,0.0,0.0,0.0,0.0,1.0,1.0,0.0
